{"cameraMode":{"drawMode":0,"name":"Shaded","section":"Shading Mode"},"sceneLighting":true,"audioPlay":false,"sceneViewState":{"m_AlwaysRefresh":true,"showFog":true,"showSkybox":true,"showFlares":true,"showImageEffects":true,"showParticleSystems":true,"showVisualEffectGraphs":true,"m_FxEnabled":true},"in2DMode":false,"pivot":{"x":40.7630500793457,"y":1.9301071166992188,"z":13.86332893371582},"rotation":{"x":-0.018371213227510454,"y":-0.9740620255470276,"z":0.08579123765230179,"w":-0.20858469605445863},"size":26.278383255004884,"orthographic":false}